review_id,platform,product_name,category,subcategory,star_rating,review_text,sentiment
E001,Shopee,1600W Peak Power HiFi Sound Amplifier Digital 4 Channel,Electronics ,Speaker,5,barag dh sampai dengn baik comel pawer buyi pon boleh tahan bas ye pun bagus..cume rengan betul..x tau lh tahan bape lame ni..ape2 pon terime kasih lah ye,Neutral
E002,Shopee,"SPRISE Bass Stereo Portable Bluetooth Speaker Wireless Mini, Louder Volume Spiker 蓝牙音响",Electronics ,Speaker,2,"Performance:good
 Quality:superb
 
 Small but powerfull.. full recommended",Neutral
E003,Shopee,"SPRISE Bass Stereo Portable Bluetooth Speaker Wireless Mini, Louder Volume Spiker 蓝牙音响",Electronics ,Speaker,2,Bluetooth asik disconnect. Guna aux ada bunyi bising. Hhm rasa mcm tak berbaloi dgn harga rm20+. Tp lawa,Negative
E004,Shopee,"SPRISE Bass Stereo Portable Bluetooth Speaker Wireless Mini, Louder Volume Spiker 蓝牙音响",Electronics ,Speaker,2,"Quality:Padan la dgn harga
 
 Charging Cable memang xde ek? Hahahha.. Entah la.. Tp bunyi dia sedap la jgk",Neutral
E005,Shopee,"SPRISE Bass Stereo Portable Bluetooth Speaker Wireless Mini, Louder Volume Spiker 蓝牙音响",Electronics ,Speaker,2,"Quality:Sound quality is 7/10..
 
 The supply don't even bother to check the item before despatch. There's no manual attached with the unit. Even nearby it took time to deliver.
 Bad service",Negative
E006,Shopee,"SPRISE Bass Stereo Portable Bluetooth Speaker Wireless Mini, Louder Volume Spiker 蓝牙音响",Electronics ,Speaker,2,Guna tak sampai 2 minggu. Mula ok pastu Bluetooth dah tak boleh detect kena pakai wire sahaja. Hmm cari brand lain je lah.,Negative
E007,Lazada,SriHome SH029 Outdoor WiFi CCTV IP Security Camera 1296 Super Full HD + IR Night Vision + IP66 Waterproof,Electronics ,Camera,2,"product poor quality. because of it I bought two new SD card to test it can read for few minutes. then not able found the card. then take out put back it can read, after few minutes again card not found. but you put the card in laptop, card no problems, just became not able format because it became write protected after recorded",Negative
E008,Lazada,SriHome SH029 Outdoor WiFi CCTV IP Security Camera 1296 Super Full HD + IR Night Vision + IP66 Waterproof,Electronics ,Camera,2,"To date 5/1/24 I'm yet to receive my order. As I informed u earlier my house address is No 3, 9/2. The photo shown by Yr agent is no. 3A. Even I am not familiar where that 3A address is located.
 Please deliver my order to my address.",Negative
E009,Lazada,SriHome SH029 Outdoor WiFi CCTV IP Security Camera 1296 Super Full HD + IR Night Vision + IP66 Waterproof,Electronics ,Camera,2,"Terrible experience, bot 2 unit, 1unit spoilt, been busy so can't check it on time. Good luck buyer.",Negative
E010,Lazada,SriHome SH029 Outdoor WiFi CCTV IP Security Camera 1296 Super Full HD + IR Night Vision + IP66 Waterproof,Electronics ,Camera,2,Cannot download direct to handphone.. must take out from memory card.. if the camera is outside and height how to get the memory card.. low spec.,Negative
E011,Lazada,SriHome SH029 Outdoor WiFi CCTV IP Security Camera 1296 Super Full HD + IR Night Vision + IP66 Waterproof,Electronics ,Camera,2,One of the camera recording image turns blue-ish after 3 days of usage. Not sure is it faulty sensor or what not. I have one similar cam in the past and was doing pretty well after 9 months of usage. Kinda disappointed with the quality this round.,Negative
E012,Shopee,1600W Peak Power HiFi Sound Amplifier Digital 4 Channel,Electronics ,Speaker,5,"Performance:bagus
 Quality:bagus
 
 Barang sampai belum cuba lagi harap2 ok la",Neutral
E013,Shopee,1600W Peak Power HiFi Sound Amplifier Digital 4 Channel,Electronics ,Speaker,5,"Quality:baik
 Performance:baik
 
 Bunyi yg sedap bergantung pada jenama speaker..
 Untuk dlm bilik mmg seda0 bunyi..bnyi basss dtg woo",Positive
E014,Shopee,1600W Peak Power HiFi Sound Amplifier Digital 4 Channel,Electronics ,Speaker,5,"Performance:ok
 Quality:ok
 
 Fast delivery good management and item handling. Bought for friend and no complaint assume its all okay",Positive
E015,Shopee,1600W Peak Power HiFi Sound Amplifier Digital 4 Channel,Electronics ,Speaker,5,"Quality:good
 Performance:not try yet
 
 Ready receive tq",Positive
E016,Shopee,1600W Peak Power HiFi Sound Amplifier Digital 4 Channel,Electronics ,Speaker,5,"Quality:ok
 Performance:not tested yet
 
 barang sudah sampai boss 👌🏼 mantapp, seperti yang di order 👍🏼 belum test lagi ,harap² mantap la sound dia . saya beli barang tersebut dengan harga yang tersebut boss 🤝",Positive
E017,Shopee,"XPPen Star G640 Drawing Tablet Graphic Tablet Digital Pen Tablet With 8192 Levels Pressure (6 x 4"")",Electronics ,Tablet,3,Ok la. Boleh la.. kdg lncr . Kdg x.. parcel sampai hampir 3 minggu baru dàpat kt tngn.,Neutral
E018,Shopee,"XPPen Star G640 Drawing Tablet Graphic Tablet Digital Pen Tablet With 8192 Levels Pressure (6 x 4"")",Electronics ,Tablet,3,Performance:Slight chip-off's at the top frame indicating lack of quality control. Usage wise is so far so good.,Neutral
E019,Shopee,"XPPen Star G640 Drawing Tablet Graphic Tablet Digital Pen Tablet With 8192 Levels Pressure (6 x 4"")",Electronics ,Tablet,3,"Performance:Seller was not responsive
 
 Seller was not responsive. I was planning to switch to a bigger pad sold by the same seller, but he/she responded late, and didn't seem to answer the question. The seller responded only after he/she had delivered the initial order. If there's an option for 0 star, I would give the seller zero star instead.",Negative
E020,Shopee,"XPPen Star G640 Drawing Tablet Graphic Tablet Digital Pen Tablet With 8192 Levels Pressure (6 x 4"")",Electronics ,Tablet,3,"Performance:ok
 
 1st delay in delivery by SPX. 2nd SPX courier just threw on the ground like that. Luckily nothing is damaged and item works perfectly",Negative
E021,Shopee,"【Nexode】UGREEN 45W/30W/20W GaN Charger USB-C/USB-A 2/3 Ports Charger Nexode GaN Fast Charger USB-C Power Adapter for iPhone 16 Pro Max/15/14/13, GaN 30W 2C1A",Electronics ,Charger,5,"Performance:abive and beyond
 Durability:standard
 
 The UGREEN 30W/20W GaN Charger is compact, powerful, and perfect for fast charging on the go! I love how quickly it charges my phone and other devices. The build quality is excellent, and the size makes it super convenient for travel. A great buy—highly recommended! 👍⚡️ #UGREEN #Charger #GaN #Tech #Travel #Power #Phone #Gadgets",Positive
E022,Shopee,"【Nexode】UGREEN 45W/30W/20W GaN Charger USB-C/USB-A 2/3 Ports Charger Nexode GaN Fast Charger USB-C Power Adapter for iPhone 16 Pro Max/15/14/13, GaN 30W 2C1A",Electronics ,Charger,5,"Performance:Output 30W memang padu, cas iPhone atau Android cepat penuh tanpa masalah panas melampau.
 Durability:Material tahan panas dan kaki plug sangat kukuh, tak goyang bila cucuk kat wall socket.
 
 ​Terbaik Ugreen! Walaupun ada 3 port, saiz charger ni sangat kompak sebab guna teknologi GaN. Senang sangat nak bawa travel atau letak kat office. Tak perlu bawa banyak kepala charger sebab satu ni dah boleh cas phone dan tablet serentak. Build quality memang premium, rasa berat dan solid. Penghantaran pantas, bungkusan pun selamat.",Positive
E023,Shopee,"【Nexode】UGREEN 45W/30W/20W GaN Charger USB-C/USB-A 2/3 Ports Charger Nexode GaN Fast Charger USB-C Power Adapter for iPhone 16 Pro Max/15/14/13, GaN 20W 1C1A",Electronics ,Charger,5,"Durability:Compact & Sturdy!
 Performance:Efficient Charger
 
 Bought this UGREEN 20W charger from Shopee, and it’s been fantastic! The dual ports (USB-C PD and USB-A QC 3.0) allow me to charge two devices simultaneously without any drop in speed. It’s compact, making it perfect for travel, and the build quality feels solid. Highly recommend for anyone needing a reliable fast charger!",Positive
E024,Shopee,"【Nexode】UGREEN 45W/30W/20W GaN Charger USB-C/USB-A 2/3 Ports Charger Nexode GaN Fast Charger USB-C Power Adapter for iPhone 16 Pro Max/15/14/13, GaN 30W 2C1A",Electronics ,Charger,5,"The UGREEN 30W/20W GaN Charger is compact, powerful, and perfect for fast charging on the go! I love how quickly it charges my phone and other devices. The build quality is excellent, and the size makes it super convenient for travel.
 I’m not sure if this is fast charge or not but it definitely good to use !
 Super fast delivery, received my order the very next day",Positive
E025,Shopee,"【Nexode】UGREEN 45W/30W/20W GaN Charger USB-C/USB-A 2/3 Ports Charger Nexode GaN Fast Charger USB-C Power Adapter for iPhone 16 Pro Max/15/14/13, GaN 45W 2C1A",Electronics ,Charger,5,"Performance:Excellent!
 Durability:Quite rigid!
 
 Super fast charging 2.0 support for my samsung phone!
 Support 45w!
 Fast delivery!
 Better than samsung authentic charger!
 Trust me, you guys will love it!
 1 month of usage, satisfied until now!
 My samsung original 45w charger short circuit on its own, the reason I bought UGREEN!
 Thank you seller!",Positive
E026,Shopee,"【Nexode】UGREEN 45W/30W/20W GaN Charger USB-C/USB-A 2/3 Ports Charger Nexode GaN Fast Charger USB-C Power Adapter for iPhone 16 Pro Max/15/14/13, GaN 30W 2C1A",Electronics ,Charger,5,"Performance:Mudah guna & caj pantas
 Durability:Kukuh, lasak, mudah guna
 
 Mantappp charger nih. Banyak port boleh guna dalam 1. Jimat ruang. Jika tempat charge terhad, ini memudahkan. Caj pun cepat. USB biasa bley, type C bley. Tak risau. Boleh berkongsi guna. Sesuai bawak travel/harian",Positive
E027,Shopee,"【Nexode】UGREEN 45W/30W/20W GaN Charger USB-C/USB-A 2/3 Ports Charger Nexode GaN Fast Charger USB-C Power Adapter for iPhone 16 Pro Max/15/14/13, GaN 20W 1C1A",Electronics ,Charger,5,"Performance:bagus
 Durability:kecil compact
 
 Saya guna charger ini untuk cas telefon dan power bank setiap hari di meja kerja. Saiz memang kecil dan mudah dibawa, tidak mengganggu soket lain bila dipasang pada extension. Kelajuan pengecasan stabil dan tidak panas berlebihan walaupun digunakan agak lama. Kualiti binaan terasa kukuh dan port kemas. Sesuai untuk kegunaan harian atau travel kerana ringkas dan praktikal. Setakat ini prestasi konsisten dan memenuhi keperluan pengecasan saya.",Positive
E028,Lazada,"Acer Chromebook C720/C740, Intel Celeron Processor, SSD, 12 Inch LED Display, Wifi, HDMI ....",Electronics ,Laptop,3,poor quality worth 60 to 70Rm only,Negative
E029,Lazada,"Acer Chromebook C720/C740, Intel Celeron Processor, SSD, 12 Inch LED Display, Wifi, HDMI ....",Electronics ,Laptop,3,"Harga:harga sesuai dengan barang, barang bekas biasa la terima apa adanya
  Prestasi:ok buas hati nonton, cuma tidak boleh download aplikasi, pasal dalam mode tamu.
  Hayat Bateri:tahan lama",Neutral
E030,Lazada,"Acer Chromebook C720/C740, Intel Celeron Processor, SSD, 12 Inch LED Display, Wifi, HDMI ....",Electronics ,Laptop,3,"Item was packed on the same day but took 3 days for LEX to pick up.
 Item received with packaging intact, laptop was bubble wrapped and intact, but bottom found crack. Check with seller to understand more but only reply was 'check with LZD customer service'.
 System working fine so don't want the hassle of returning and refund, but wasn't happy with the way of after sales services.",Negative
E031,Shopee,"【Nexode】UGREEN 45W/30W/20W GaN Charger USB-C/USB-A 2/3 Ports Charger Nexode GaN Fast Charger USB-C Power Adapter for iPhone 16 Pro Max/15/14/13, GaN 30W 2C1A【Pink】",Electronics ,Charger,5,"Performance:The charger delivers fast charging and works efficiently.
 Durability:Build material feels solid and suitable for daily use. It has a nice matte feel and I like the dirty pink colour.",Positive
E032,Shopee,"【Nexode】UGREEN 45W/30W/20W GaN Charger USB-C/USB-A 2/3 Ports Charger Nexode GaN Fast Charger USB-C Power Adapter for iPhone 16 Pro Max/15/14/13, GaN 20W 1C1A【Pink】",Electronics ,Charger,5,"Performance:Efficient charging!
 Durability:Sturdy for everyday use!
 
 Bought a charger for my Eufy S1 Wearable Breast Pump. The pink colour matches nicely with my pump and the wire!!!🩷",Positive
E033,Shopee,"【Nexode】UGREEN 45W/30W/20W GaN Charger USB-C/USB-A 2/3 Ports Charger Nexode GaN Fast Charger USB-C Power Adapter for iPhone 16 Pro Max/15/14/13, GaN 20W 1C1A",Electronics ,Charger,5,"Performance:incredible
 Durability:super good
 
 I doubt it, but it surprises me, the charger is really good, charges my phone really fast and well! It even arrived in hours, not even up to a full day.
 Thank u so much.",Positive
E034,Shopee,"【Nexode】UGREEN 45W/30W/20W GaN Charger USB-C/USB-A 2/3 Ports Charger Nexode GaN Fast Charger USB-C Power Adapter for iPhone 16 Pro Max/15/14/13, GaN 45W 2C1A",Electronics ,Charger,5,"Performance:Excellent
 Durability:Excellent
 
 The charger working as expected. Small size but heavy. It's a solid build. This brand quality is excellent and same level as the high end brand. I personally recommend this brand.",Positive
E035,Shopee,"【Nexode】UGREEN 45W/30W/20W GaN Charger USB-C/USB-A 2/3 Ports Charger Nexode GaN Fast Charger USB-C Power Adapter for iPhone 16 Pro Max/15/14/13, GaN 30W 2C1A【Pink】",Electronics ,Charger,5,"Performance:support super charge 2.0 for samsung and fast charge up to 30w for iphone 17pm
 Durability:solid build out and sweet colour , bought at a reasonable price",Positive
E036,Lazada,18w Fast Charger Dual USB QC3.0 Fast Charging Adapter With Cable For Micro Ip Type-C For Ip Samsung Huawei Oppo Vivo Xiaomi Realme,Electronics ,Charger,1,"barang diterima tak ada kualiti. tak bole guna langsung. 
 Sedih......",Negative
E037,Lazada,18w Fast Charger Dual USB QC3.0 Fast Charging Adapter With Cable For Micro Ip Type-C For Ip Samsung Huawei Oppo Vivo Xiaomi Realme,Electronics ,Charger,1,"phone hang while charging 
 stuck
 better cust choose another seller",Negative
E038,Lazada,18w Fast Charger Dual USB QC3.0 Fast Charging Adapter With Cable For Micro Ip Type-C For Ip Samsung Huawei Oppo Vivo Xiaomi Realme,Electronics ,Charger,1,cannot use 😅😅😅😅😅,Negative
E039,Lazada,18w Fast Charger Dual USB QC3.0 Fast Charging Adapter With Cable For Micro Ip Type-C For Ip Samsung Huawei Oppo Vivo Xiaomi Realme,Electronics ,Charger,1,"⚡Charging Speed:x fast charging, biasa je
  tulis punya banyak",Negative
E040,Lazada,18w Fast Charger Dual USB QC3.0 Fast Charging Adapter With Cable For Micro Ip Type-C For Ip Samsung Huawei Oppo Vivo Xiaomi Realme,Electronics ,Charger,1,tak dpt wayer pun cuma adapter saja,Negative
E041,Shopee,"SPRISE New X6 Deep Bass Dynamic Wired In-Ear Earphone With Mic Stereo Earfon Earpiece Headset 3.5mm Earfone Monitor 耳机有线, Black TypeC",Electronics ,Earphone,1,"Value For Money:meh
 Best Feature(s):cable
 Performance:bad
 
 Awful, colours the sound heavily, frequencies cut off, not worth more than 2$, five stars for fast shipping though",Negative
E042,Shopee,"SPRISE New X6 Deep Bass Dynamic Wired In-Ear Earphone With Mic Stereo Earfon Earpiece Headset 3.5mm Earfone Monitor 耳机有线, Obsidian Black",Electronics ,Earphone,1,Stopped working after 1 month,Negative
E043,Shopee,"SPRISE New X6 Deep Bass Dynamic Wired In-Ear Earphone With Mic Stereo Earfon Earpiece Headset 3.5mm Earfone Monitor 耳机有线, Black TypeC",Electronics ,Earphone,1,"Performance:sounded good but stopped working one day
 Best Feature(s):doesnt fall off easily when worn
 Value For Money:its alr
 
 its cheap and sounded decent but i barely used it for 2 months and it stopped working when i was using it one day",Negative
E044,Shopee,"SPRISE New X6 Deep Bass Dynamic Wired In-Ear Earphone With Mic Stereo Earfon Earpiece Headset 3.5mm Earfone Monitor 耳机有线, Black TypeC",Electronics ,Earphone,1,"Best Feature(s):Snug fit on ear
 Value For Money:No
 
 Disappointed as I don't understand how a earpiece can do this, and not just with my laptop, but my brothers' and even my phone too",Negative
E045,Shopee,"SPRISE New X6 Deep Bass Dynamic Wired In-Ear Earphone With Mic Stereo Earfon Earpiece Headset 3.5mm Earfone Monitor 耳机有线, Calamus Purple",Electronics ,Earphone,1,"Sound quality:The audio is extremely choppy and it somehow made the background music of the song i listened too louder, making the music sound weird. As for the part where you speak into it to hear your voice for video chats or recording of voice, the audio also sounds choppy and the audio cuts off on its own
 Comfort:The earpiece itself in my ear was very comfortable, but the audio was just seriously bad
 
 I think I may have gotten a defective earpiece, as I have seen many good reviews on this earpiece, but I am sad that the one I got was really just bad.",Negative
E046,Shopee,"SPRISE New X6 Deep Bass Dynamic Wired In-Ear Earphone With Mic Stereo Earfon Earpiece Headset 3.5mm Earfone Monitor 耳机有线, Black TypeC",Electronics ,Earphone,1,"Quality:extremely bad
 Performance:bad
 
 I bought these headphones for gaming, but they make distant footsteps extremely quiet, a problem I don't experience with my regular Bluetooth headphones. The build quality is also poor; I think I'll have to buy a new pair in a few months. I waited half a month for these headphones and they delivered such a terrible product!",Negative
E047,Shopee,"SPRISE New X6 Deep Bass Dynamic Wired In-Ear Earphone With Mic Stereo Earfon Earpiece Headset 3.5mm Earfone Monitor 耳机有线, Obsidian Black",Electronics ,Earphone,5,"Quality:earphones material is good
 Performance:clear sound with bass
 
 Good quality for the price. Nice and clear sound. Microphone is also clear and loud. Worth buying👍🏻",Positive
E048,Shopee,"SPRISE New X6 Deep Bass Dynamic Wired In-Ear Earphone With Mic Stereo Earfon Earpiece Headset 3.5mm Earfone Monitor 耳机有线, Obsidian Black",Electronics ,Earphone,5,Barang sampai dalam keadaan baik. Tiada sebarang kerosakan. Barang sudah dicuba dan berfungsi dengan baik. Memang best sound dia. Noise cancelling betul. Berbaloi beli time sales. Harga berpatutan dengan kualiti.,Positive
E049,Shopee,"SPRISE New X6 Deep Bass Dynamic Wired In-Ear Earphone With Mic Stereo Earfon Earpiece Headset 3.5mm Earfone Monitor 耳机有线, Calamus Purple",Electronics ,Earphone,5,"Performance:Good
 Quality:The bass is good too
 
 I would say the sound quality is so good that i am shocked actually. The color is pretty but i can say that the color purple and pink looks same",Positive
E050,Shopee,"SPRISE New X6 Deep Bass Dynamic Wired In-Ear Earphone With Mic Stereo Earfon Earpiece Headset 3.5mm Earfone Monitor 耳机有线, Obsidian Black",Electronics ,Earphone,4,"Performance:Has quite a good bass for its price
 Quality:Quality is quite good
 
 Purchasing it for the second time, overall the quality and the sound system is quite good for the price you’re paying which i would recommend! Delivery was fast, took 1 day only to receive it!",Positive
E051,Shopee,"SPRISE New X6 Deep Bass Dynamic Wired In-Ear Earphone With Mic Stereo Earfon Earpiece Headset 3.5mm Earfone Monitor 耳机有线, Black TypeC",Electronics ,Earphone,5,"Performance:good
 Quality:good
 
 The sound quality is clear with decent bass for a wired earphone. Easy to use, no delay, and works well for calls and music. Cable feels durable and comfortable to wear. Good value for the price, satisfied with the purchase.",Positive
E052,Shopee,"SPRISE New X6 Deep Bass Dynamic Wired In-Ear Earphone With Mic Stereo Earfon Earpiece Headset 3.5mm Earfone Monitor 耳机有线, Black TypeC",Electronics ,Earphone,5,"Quality:best gila
 
 Saya dah try...Serious talk saya cerewet kalau bab earphone ni.. ni first time saya beli kat sini ,sebelum ni beli jenama lain bentuk je sama.. sumpah bass dia perfect.. saya boleh dengar bunyi drum kat belakang walaupun bunyi tu patutnya slow,boleh dengar semua bunyi rentak dan suara penyanyi tak pecah",Positive
E053,Shopee,Russell Taylors Handheld Cyclone Vacuum Cleaner VC-20,Electronics ,Vacuum,5,"Performance:excellent!
 Portability:easy sebab wire panjang .xperlu nk tukar port plug banyak kali..i like it!
 
 Easy to handle,bunyi xde la kuat sgt so sy suka..sedutan dia marvellous..ade 2 fungsi kt situ..1 utk cengkaman kuat pd karpet..yg ni terbaik dia sedut habuk...1 lg normal..mmg suka sgt..tq seller n courier for great service.. recommended sgt to those yg cari vacuum yg mudah nk guna harga berbaloi.. vacuum ni pn cantik.🌹😍",Positive
E054,Shopee,Russell Taylors Handheld Cyclone Vacuum Cleaner VC-20,Electronics ,Vacuum,5,"Performance:very good
 Portability:light and easy
 
 Buy during shocking sale. Memang murah. Already buy 2 device from Rusell Taylor. Surprisingly memang terbaik. Vacuum ni suction kuat. Sbb direct power. Cable panjang. Tak ada mountain wall. Tapi design compact so you can keep dalam cabinet. Feeder ada 3 jenis, jenis kecil, yang bentuk runcing utk ruang sempit & paling besar utk normal vacuum.",Positive
E055,Lazada,ILIFE【Local Warranty】[New Launch] A30 PRO Robot Vacuum Cleaner Schedule Planned Routing Cleaning up to 5000Pa Suction Power Voice Prompts Auto Recharge,Electronics ,Vacuum,3,"itrm in complete and good condition.
 
 product function well but dont expect strong suction ..normal hair or pet furry is ok.
 
 run well every corner hopw can work smooth longer.
 
 logistic team is bad..my item stuck at hub for 1 week without any update..at last i have to visit different branch to get it personally. 
 seller can't help cos mention alr out..channel also keep waiting...pls take note if you need it fast.",Neutral
E056,Lazada,ILIFE【Local Warranty】[New Launch] A30 PRO Robot Vacuum Cleaner Schedule Planned Routing Cleaning up to 5000Pa Suction Power Voice Prompts Auto Recharge,Electronics ,Vacuum,3,"The small wheel so noisy as per video upload 
 Strong suction power, but the hairs all stuck at the brush",Negative
E057,Shopee,Russell Taylors Handheld Cyclone Vacuum Cleaner VC-20,Electronics ,Vacuum,5,"Portability:EASY TO CARRY
 Performance:5🌟
 
 Sangat berbaloi beli brand ni. Satisfied with the vacuum power and suction. Bunyi vakum yang normal, tidak terlalu bising. Design menarik dan moden. Mmg minat vakum ada wayar berbanding wayerless. Penghantaran agak pantas ke Sabah. Keep it up seller 🌟! Satisfied customer!",Positive
E058,Shopee,Russell Taylors Handheld Cyclone Vacuum Cleaner VC-20,Electronics ,Vacuum,5,"Performance:Bagus, sedutan kuat, bunyi pun kuat juga..
 Portability:Item senang nk simpan, mudah alih, senang nk bawa, coz wayar panjang..
 
 Parcel sudah diterima. Packaging bagus. Penghantaran pun laju ke sarawak. Item cun.. Warna cantik.. Beli time promotion. 200 jadi 99.tolak coin jd 86 shj. 🤭 Sgt murah. Berbaloi beli,.. Puashati.. Sedutan kuat giler.. Bunyi pun kuat.. 🤭 Tq seller.",Positive
E059,Shopee,Russell Taylors Handheld Cyclone Vacuum Cleaner VC-20,Electronics ,Vacuum,5,"Portability:⭐️⭐️⭐️⭐️⭐️
 Performance:⭐️⭐️⭐️⭐️⭐️
 
 Affordable and effective! 
 
 1. 190000kpa : Dapat vacuum try terus dekat carpet, Boleh tengok video hasil dari sedutan vacuum ni. 
 
 2. Berat vacuum pula tak berat tak ringan. Perempuan boleh pakai.
 
 3. Bunyi agak kuat.
 
 4. Wire panjang sesuai utk guna even tempat luas.",Positive
E060,Shopee,Russell Taylors Handheld Cyclone Vacuum Cleaner VC-20,Electronics ,Vacuum,5,"Performance:memang terbaik..kuasa sedutan memang power. Mudah nak buat kerja dalam rumah dan luar rumah cuci ke
 Portability:Senang just plug in je...nak buang habuk pun mudah..segala habuk dan kotoran boleh nampak sebab beka
 
 Barang memang thorbaik..dah try dan memang berfungi menyedut segala kotoran. Kuasa sedutan juga kuat. Senang nak vakum rumah dah tak perlu seret vacum jenis yang lama kesan kesininad kesini. Vakum jenis lama kalau suruh anak vskum rumah bagi macam-macam alasan. Berat lah..apa lah..biasa alasan maca",Positive
E061,Shopee,Russell Taylors Handheld Cyclone Vacuum Cleaner VC-20,Electronics ,Vacuum,5,"Portability:multi surface cleaning
 Performance:powerful technology
 
 This hand held vacuum cleaner made of engineered features a powerful suction power. It reaches dirt in corners. Efficient for sweeping",Positive
E062,Shopee,Russell Taylors Handheld Cyclone Vacuum Cleaner VC-20,Electronics ,Vacuum,5,"Performance:sedutan kuat
 Portability:yes very portable
 
 fast delivery..and product worth every penny !! survey kt tesco tapi balik2 search shopee oo sini lgi murah dari tesco.. dpt murah wktu sales and dia punya performance beyond my expectation!! wayar agak pnjang, sedutan kuat, easy to install..berat pon cun2 tak ringat sngat n tak berat sgat..cuma bunyi agak kuat normal la nama pon vacuum kn..harap dpt tahan lama la..",Positive
E063,Shopee,Russell Taylors Handheld Cyclone Vacuum Cleaner VC-21,Electronics ,Vacuum,5,"Portability:Superb
 Performance:Excellent
 
 Thank you Shopee,Shopee Express n Russell Taylors very well done job.Received item super fast.Product tested n performed well except a little bit noisy may be because of the bigger capacity motor.
 Anyway very happy with the purchased n recommed others to buy.",Positive
E064,Shopee,Swiss Thomas Cordless Vacuum Cleaner With Mop Pad Rechargeable Handheld Car Household Wireless Vakum Cleaner - Green,Electronics ,Vacuum,1,"Portability:Not ideal
 Performance:Not ideal
 
 商品材质一般经济很轻巧，在使用吸尘机时长管一直会容易脱落吸力很差，电量也不能维持太久，需要充电才能使用, 用不到5分钟又要充电了，最失望的是用了三四回完完全全充不到电也不能使用了。😩😫😥😓😠The material of the product is generally economical and lightweight. When using the vacuum cleaner, the long tube will fall off easily. The suction is very poor, and the power does not last long. It needs to be charged before use. It takes less than 5 minutes and needs to be charged again. The most disappointing thing is that it has not been used for a long time. After three or four times, it completely failed to charge and could no longer be used. 😩😫😥😓😠",Negative
E065,Shopee,Swiss Thomas Cordless Vacuum Cleaner With Mop Pad Rechargeable Handheld Car Household Wireless Vakum Cleaner - Green,Electronics ,Vacuum,1,"Performance:BAD SERVICE
 Portability:BARANG ROSAK! BUTTON ON/OFF XBOLEH GUNA,CHARGER XDE BEFORE DELIVER MINTA SELLER CANCEL ORDER TAPI REJECT CKP XBOLE BILE SAMPAI BARANG ROSAK!!!!!!!!!!!! REORDER 1 LAGI CAS SAMPAI 5JAM PAKAI KEJAP DAH XDE BATERI MEMANG TERUK PUNYA BARANG BETTER BELI YG VAKUM KETE LAGI TAHAN LAMA !!!! SELLER PULA LEMBAB RPLY CHAT SIAP BLOK BUYER TIME MINTA CANCEL ORDER! MEMANG BAD SERVICE! BARANG CIKAI, PAKAI KEJAP DAH PANAS , BEFORE BELI BACA REVIEW YA KORANG ADE YG DPT BARANG DAH ROSAK .MURAH TAPI TAK BERBALOI . BARANG TAKDE KUALITI JANGN DUIT BELI",Negative
E066,Shopee,Swiss Thomas Cordless Vacuum Cleaner With Mop Pad Rechargeable Handheld Car Household Wireless Vakum Cleaner - Green,Electronics ,Vacuum,1,"Ordered item received yesterday. Item qty checked.Try to power on but cannot works. Charge for few hours but still cannot get the unit work. Operating manual moist, looks like a flooded item.
 Wanted to return need to bear the cost of transport.
 Disappointed and regret to purchase this item.",Negative
E067,Shopee,Swiss Thomas Cordless Vacuum Cleaner With Mop Pad Rechargeable Handheld Car Household Wireless Vakum Cleaner - Green,Electronics ,Vacuum,1,unable to remove the dust part to clean. no manual provided. contacted support for a whole week but nobody gave guidance,Negative
E068,Shopee,Swiss Thomas Cordless Vacuum Cleaner With Mop Pad Rechargeable Handheld Car Household Wireless Vakum Cleaner - Green,Electronics ,Vacuum,1,"Performance:biasa je
 Portability:entahlah
 
 Bila digunakan tercabut cabut. Lepas tu dah cas full dan guna cuma bateri bertahan cuma 10 minit. Minta bayaran balik tak boleh pula. entahlah..... Tengok review okay je sekali yang saya dapat macam ni pula. boleh tengok dekat video tu bekas salotape sebab tercabut cabut bila guna kenalah salotape kan",Negative
E069,Shopee,Swiss Thomas Cordless Vacuum Cleaner With Mop Pad Rechargeable Handheld Car Household Wireless Vakum Cleaner - Green,Electronics ,Vacuum,1,"Portability:Not bad
 Performance:Bad
 
 Poor quality. Used this cordless vacuum less than 5 times, motor was burnt caused the smoke came out. Told seller about this but kept posting the nonsense pop up window. Hence, not recommended to buy such poor quality cordless vacuum from this seller. Need to pack and dump to a bigger thrash bin.",Negative
E070,Shopee,Swiss Thomas Cordless Vacuum Cleaner With Mop Pad Rechargeable Handheld Car Household Wireless Vakum Cleaner - Green,Electronics ,Vacuum,1,"Portability:low quality 
 Performance:low quality 
 
 Sangat tak berbaloi ye.. langsung tak boleh pakai..👎🏻👎🏻👎🏻",Negative
E071,Shopee,Swiss Thomas Cordless Vacuum Cleaner With Mop Pad Rechargeable Handheld Car Household Wireless Vakum Cleaner - Green,Electronics ,Vacuum,1,"Performance:Good but..
 
 Selalu terlepas part handle and penutup vacum. Last2 tak pakai dah. ☹️☹️",Negative
E072,Shopee,Swiss Thomas Cordless Vacuum Cleaner With Mop Pad Rechargeable Handheld Car Household Wireless Vakum Cleaner - Green,Electronics ,Vacuum,1,Barang ckup tpi sayang tk boleh gune sebab part filter dgn body jadi longgar . Asal nk vacuum psti tercabut.,Negative
E073,Shopee,Soundcore by Anker Select 4 Go Bluetooth Speaker IPX67 Waterproof Wireless and Bluetooth Speakers 20H Playtime Bluetooth Speaker Super Bass Portable Speakers for PC - Blue,Electronics ,Speaker,5,"Quality:superb!
 
 Good build quality, tapi belum try floating atas air haha takut rosak 🤣
 Sound quality standard bunyi biasa2 je bila custom dekat apps baru suara naik, 
 Overall sangat puas hati dengan bunyi yg power,bass treble semua cukup recommend utk semua yg tgh mencari speaker mini.
 Dah compare jbl go 3 bunyi padu soundcore lagi tapi lepas tuned. 
 Beli je guys jgn ragu2 sekian meracun haha",Positive
E074,Shopee,[Hot] ANKER soundcore Select 4 Go Bluetooth Speaker IPX67 Waterproof Wireless and Bluetooth Speakers 20H Playtime Bluetooth Speaker Super Bass Portable Speakers for PC-A31X1 - Blue,Electronics ,Speaker,5,"Quality:extra good
 Performance:highest
 
 Terbaik. Speaker ni memang sedap sound dia. Bateri tahan lama. Nak bawak hiking sambil layan lagu memang terbaik. Kalis air ip67 lagi tu. Sangat recommend geng. Dengar dalam video dan live sangat berbeza ya. Sumpah love teruk dengan output sound dia",Positive
E075,Shopee,Soundcore by Anker Select 4 Go Bluetooth Speaker IPX67 Waterproof Wireless and Bluetooth Speakers 20H Playtime Bluetooth Speaker Super Bass Portable Speakers for PC-A31X1 - Purple,Electronics ,Speaker,5,"Quality:very good
 Performance:very good
 
 Wow... Really satisfying.... 
 Anyone can use earphones or speakers to feel the sound quality on my review video...
 
 Cheap price, convenience, very good sound quality and bass... Use the equaliser app can customise and more improved the sound... Very loud, indoor not even need open half volume... Battery life also nice.... Full charge can use 20++ hour...",Positive
E076,Shopee,[Hot] ANKER soundcore Select 4 Go Bluetooth Speaker IPX67 Waterproof Wireless and Bluetooth Speakers 20H Playtime Bluetooth Speaker Super Bass Portable Speakers for PC-A31X1 - Red,Electronics ,Speaker,5,"Quality:10/10
 Performance:Excellent!
 
 Speaker kuat. Volume yg sy guna ni belum full lagi sbb takut bising sgt nnti 1 rumah. 😅 Very recommended yeah. Sy purchase ini utk mengajar di sekolah utk aktiviti kemahiran mendengar dgn pelajar. Bnyi speaker bgus dan tiptop. Go buy yours! 🫶🏻🔊",Positive
E077,Shopee,[Hot] ANKER soundcore Select 4 Go Bluetooth Speaker IPX67 Waterproof Wireless and Bluetooth Speakers 20H Playtime Bluetooth Speaker Super Bass Portable Speakers for PC-A31X1 - Red,Electronics ,Speaker,5,"Sound quality:sound clarify is good !
 Performance:bass is balance for the size and is light
 
 Love the simple and elegant design. Is easy to use and straight forward ! Sound quality is clear and value for my money 💰 grab it during promo deal RM60 ! Looking forward for my Anker product !",Positive
E078,Shopee,Soundcore by Anker Select 4 Go Bluetooth Speaker IPX67 Waterproof Wireless and Bluetooth Speakers 20H Playtime Bluetooth Speaker Super Bass Portable Speakers for PC - Green,Electronics ,Speaker,5,"Quality:Top Notch
 Performance:Divine
 
 Have been familiar with the Anker(Soundcore) products. Bought this to bring along in travelling/ in shower singing. The sound and bass is good and got it at a cheap price as well (Shopee Sale). The sound in the video is only at 50% and it has filled out the entire room completely. Would recommend for you to buy it!",Positive
E079,Shopee,Soundcore by Anker Select 4 Go Bluetooth Speaker IPX67 Waterproof Wireless and Bluetooth Speakers 20H Playtime Bluetooth Speaker Super Bass Portable Speakers for PC-A31X1 - Black,Electronics ,Speaker,5,"Sound quality:The sound is clear and balanced with a good bass presence
 Performance:The speaker delivers strong bass and power for outdoor user
 
 Setting kat apps pilih bass booster.. Tak padan dgn saiz kecil, bass padu.. Suara penyanyi juga jelas.. Recommend",Positive
E080,Shopee,[Hot] ANKER soundcore Select 4 Go Bluetooth Speaker IPX67 Waterproof Wireless and Bluetooth Speakers 20H Playtime Bluetooth Speaker Super Bass Portable Speakers for PC-A31X1 - Red,Electronics ,Speaker,5,"Performance:Awesome
 Quality:Good
 
 Terima kasih sound core dari anker, Tak ada banyak komen, puas hati dengan bunyi yang dihasilkan, volume pun kuat, Kalau saya memang akan training dulu speaker dia, tak akan full volume terus, nak bagi dia lembut dulu speaker dia, buka 50% je untuk 5 hari, selapas tu ikut nak full volume pun tak apa, harap tip ni berguna.",Positive
E081,Shopee,[Hot] ANKER soundcore Select 4 Go Bluetooth Speaker IPX67 Waterproof Wireless and Bluetooth Speakers 20H Playtime Bluetooth Speaker Super Bass Portable Speakers for PC-A31X1 - Green,Electronics ,Speaker,5,"Performance:amazing
 Quality:amazing x2
 
 I showered for like an hour with this, and the quality was perfect. I’m watching Mogswamp right now but trust me if you like bass you will love this one. And if the preset is not bass-y enough just adjust it with the Soundcore app. It’s perfect. I play the bass guitar trust you will be able to hear it in songs.",Positive
E082,Shopee,Soundcore by Anker Select 4 Go Bluetooth Speaker IPX67 Waterproof Wireless and Bluetooth Speakers 20H Playtime Bluetooth Speaker Super Bass Portable Speakers for PC-A31X1 - Red,Electronics ,Speaker,5,"Sound quality:sangat padu sesuai harga yang di beri
 Performance:utk dewan yang jarak 50 kaki utk pasang select 4 go ni amat jelas dan jernih suara yang di hasilkan
 
 Mod TWS nya padu kalau tengok Netflix yang ada sound Dolby audio sangat puas hati utk layan dalam bilik",Positive
E083,Shopee,Soundcore by Anker Select 4 Go Bluetooth Speaker IPX67 Waterproof Wireless and Bluetooth Speakers 20H Playtime Bluetooth Speaker Super Bass Portable Speakers for PC-A31X1 - Red,Electronics ,Speaker,5,"Performance:bateri bergantung cara penggunaan kalau guna volume 40% memang tahan lama. tapi kalau yang jenis suka bass pakai volume 70% maybe tahan 8 jam macamtu.
 Quality:bunyi yang clear dan sedap didengar bass dia sangat sedap.
 
 tolong baiki cara pembalutan parcel barang beli guna duit bukan free 🙏🏻",Positive
E084,Shopee,Soundcore by Anker Select 4 Go Bluetooth Speaker IPX67 Waterproof Wireless and Bluetooth Speakers 20H Playtime Bluetooth Speaker Super Bass Portable Speakers for PC-A31X1 - Blue,Electronics ,Speaker,5,"Performance:padu sound dia. basss dia jgn ckp laa.. syahdu...
 Quality:barang baik. xtipu...
 
 Dapat pada harga rm50 lebih skit time live. Mmg sambarlaaa.. barang baik kot..... Sound x mengecewakan. 3-4 hari play setiap malam bru cas balik. Kuat gak kalo full volume kalo letak kat outdoor. Jarak dengar dalam 50m bole dengar lg sound dia.",Positive
E085,Shopee,Soundcore by Anker Select 4 Go Bluetooth Speaker IPX67 Waterproof Wireless and Bluetooth Speakers 20H Playtime Bluetooth Speaker Super Bass Portable Speakers for PC-A31X1 - Green,Electronics ,Speaker,5,"Sound quality:clear! Bass is good as well
 Performance:long play time!
 
 Previously had an issue where the battery refused to charge, but it turns out the wattage was just too big, please charge with a non-high speed transfer cable! I have always loved anker products",Positive
E086,Shopee,"[Hot, FREE GIFT] Soundcore by Anker Select 4 Go Bluetooth Speaker IPX67 Waterproof Wireless and Bluetooth Speakers 20H Playtime Bluetooth Speaker Super Bass Portable Speakers for PC-A31X1 - White",Electronics ,Speaker,5,"Sound quality:amazing for the price!
 Performance:clear mid tones, bass is not that punchy, but could be tuned with the Soundcore App
 
 overall i would say this is really a price-to-performance speaker. compact size, easy to carry, really powerful sound. i got it while it was on sale, i couldnt be more happier. if youre planning on finding an alternative to the JBL Go 4, this is the one for you.",Positive
E087,Shopee,[Hot] Soundcore by Anker Select 4 Go Bluetooth Speaker IPX67 Waterproof Wireless and Bluetooth Speakers 20H Playtime Bluetooth Speaker Super Bass Portable Speakers for PC-A31X1 - Black,Electronics ,Speaker,5,"Sound quality:Sound so clear and great Bass👍
 Performance:2nd time buying and i can say this speaker is very satisfying and battery ideally last longer👍
 
 The packaging didnt come with bubble wraps but thats ok, my first purchase the box got dent but this one is in good condition🌟",Positive
E088,Shopee,"[Hot, BUY 1 TAKE 1] Soundcore by Anker Select 4 Go Bluetooth Speaker IPX67 Waterproof Wireless and Bluetooth Speakers 20H Playtime Bluetooth Speaker Super Bass Portable Speakers for PC-A31X1 - White",Electronics ,Speaker,5,"Sound quality:the sound quality really super ...good bass..gt app so can adjust equalizer....10/10
 Performance:very good...battery ntyt test...update later overall good performance...
 
 Received with good condition..super fast instant delivery before 12 o'clock...tq seller and courier. ..highly recommended",Positive
E089,Shopee,Soundcore by Anker Select 4 Go Bluetooth Speaker IPX67 Waterproof Wireless and Bluetooth Speakers 20H Playtime Bluetooth Speaker Super Bass Portable Speakers for PC-A31X1 - Black,Electronics ,Speaker,5,"Performance:terbaik
 Quality:baik
 
 I recently purchased a product from this store, and I couldn’t be happier with my online shopping experience. Their website was user-friendly, making it easy to find the perfect item. The checkout process was smooth, and I received my order promptly. The product arrived in excellent condition, exactly as described on their website. I’m thrilled with the quality and will definitely shop at this store again in the future. Highly recommended!",Positive
E090,Shopee,[Hot] ANKER soundcore Select 4 Go Bluetooth Speaker IPX67 Waterproof Wireless and Bluetooth Speakers 20H Playtime Bluetooth Speaker Super Bass Portable Speakers for PC-A31X1 - Purple,Electronics ,Speaker,5,"Performance:awesome 👍 Great sound from this small speaker
 Quality:solid sound, consider Great for this all speaker.
 
 Received package ahead promised delivery date, packing without bubble wrap. Luckily the box just a bit dented. But the speaker inside still OK. Tested the sound.... wonderful, like it so much. Awaiting my 2nd speaker otw, the. Can pair up for better sound TWS.",Positive
E091,Shopee,Soundcore by Anker Select 4 Go Bluetooth Speaker IPX67 Waterproof Wireless and Bluetooth Speakers 20H Playtime Bluetooth Speaker Super Bass Portable Speakers for PC-A31X1 - Blue,Electronics ,Speaker,5,"Sound quality:Very good
 Performance:Very good
 
 Received in good condition and fast delivery, worth it, light weight and with good quality sound and reasonable price, 2 free gifts as well type C charger and cable, really satisfying, thanks Seller 👍🏻",Positive
E092,Shopee,[Hot] ANKER soundcore Select 4 Go Bluetooth Speaker IPX67 Waterproof Wireless and Bluetooth Speakers 20H Playtime Bluetooth Speaker Super Bass Portable Speakers for PC-A31X1 - Black,Electronics ,Speaker,5,"Quality:Excellent
 Performance:Excellent
 
 It sounds so good for paying little for this cute and gorgeous bluetooth speaker. I am going to enjoy listening besides my bedside until I sleep.",Positive
E093,Lazada,2025 New Realme tablet 512GB Android Smart Tablet 10.8 Inch Large Screen Android12 Dual SIM Tablet PC Tab Free Gift,Electronics ,Tablet,5,"🔋Battery Life: didn’t know 💾Storage Capacity: didn’t know 📺Screen Quality: didn’t know 
 Fast delivery. Received in good condition but can’t on it even charge the battery more then 3 hours. Very disappointed. Thank you Lazada n rider.",Positive
E094,Lazada,2025 New Realme tablet 512GB Android Smart Tablet 10.8 Inch Large Screen Android12 Dual SIM Tablet PC Tab Free Gift,Electronics ,Tablet,5,"tablet received, look good, but when try to plug in data, it not working, can't receive Data .",Positive
E095,Lazada,2025 New Realme tablet 512GB Android Smart Tablet 10.8 Inch Large Screen Android12 Dual SIM Tablet PC Tab Free Gift,Electronics ,Tablet,5,"Barang dh terima lama dh, tp sampai skerg button on xleh on, mintk refund ckp dh expired, berapa kali dh bgthu xleh tekan button on, tp xde action, dh hantr video nak video lgi tp xde action, kabel dh byk kli try tukar x jadi jgk",Positive
E096,Lazada,2025 New Realme tablet 512GB Android Smart Tablet 10.8 Inch Large Screen Android12 Dual SIM Tablet PC Tab Free Gift,Electronics ,Tablet,5,"𝐬𝐞𝐦𝐮𝐚 𝐨𝐤 𝐭𝐢𝐚𝐝𝐚 𝐦𝐚𝐬𝐚𝐥𝐚𝐡,𝐭𝐞𝐫𝐢𝐦𝐚 𝐤𝐚𝐬𝐢𝐡",Positive
E097,Lazada,2025 New Realme tablet 512GB Android Smart Tablet 10.8 Inch Large Screen Android12 Dual SIM Tablet PC Tab Free Gift,Electronics ,Tablet,5,Mine arrived yesterday. I ordered it with COD. It's very bad. The charger can't charge. It doesn't charge at all. The device is very slow. Now I want to return it.,Positive
E098,Lazada,(4MP) SriHome SH037 2K (2560x1440) QUAD HD Outdoor Waterproof WiFi CCTV Camera IP Security Surveillance Cam Video Recorder PTZ + Full Color Night Mode + Infrared Night Vision,Electronics ,Camera,5,"Just a normal packaging, should bubble wrap the product or put the fragile sticker. Anyway product received in good condition and well functioning.",Neutral
E099,Lazada,(4MP) SriHome SH037 2K (2560x1440) QUAD HD Outdoor Waterproof WiFi CCTV Camera IP Security Surveillance Cam Video Recorder PTZ + Full Color Night Mode + Infrared Night Vision,Electronics ,Camera,4,okay with going well for ok tq and ok tq and ok gbh from the rest of everything,Positive
E100,Lazada,(4MP) SriHome SH037 2K (2560x1440) QUAD HD Outdoor Waterproof WiFi CCTV Camera IP Security Surveillance Cam Video Recorder PTZ + Full Color Night Mode + Infrared Night Vision,Electronics ,Camera,5,Saya ada kamera tetapi tiada kad memori.,Neutral
E101,Lazada,(4MP) SriHome SH037 2K (2560x1440) QUAD HD Kamera CCTV WiFi Luar Ruangan Kalis Air IP Pengawasan Keselamatan Kamera Perakam Video PTZ + Mod Malam Warna Penuh + Penglihatan Malam Inframerah,Electronics ,Camera,5,sementara bagus .harap tahan lama,Positive
E102,Lazada,5G WiFi SriHome SH037 2K (2560x1440) 4MP QUAD HD Outdoor Waterproof CCTV Camera IP Security Surveillance Cam Video Recorder PTZ + Full Color Night Mode + Infrared Night Vision (SriHome App),Electronics ,Camera,5,received in good condition. Thanks to seller and delivery co.,Positive
E103,Lazada,5G WiFi SriHome SH037 2K (2560x1440) 4MP QUAD HD Outdoor Waterproof CCTV Camera IP Security Surveillance Cam Video Recorder PTZ + Full Color Night Mode + Infrared Night Vision (SriHome App),Electronics ,Camera,5,"ok, the camera work well. hope can last for 2 or 3 years. delivery also very fast. thank you seller",Positive
E104,Lazada,5G WiFi SriHome SH037 2K (2560x1440) 4MP QUAD HD Outdoor Waterproof CCTV Camera IP Security Surveillance Cam Video Recorder PTZ + Full Color Night Mode + Infrared Night Vision (SriHome App),Electronics ,Camera,5,"terbaik,baru pasang keadaan kualitinya amat memuaskan,tq seller..",Positive
E105,Lazada,(4MP) SriHome SH037 2K (2560x1440) QUAD HD Outdoor Waterproof WiFi CCTV Camera IP Security Surveillance Cam Video Recorder PTZ + Full Color Night Mode + Infrared Night Vision,Electronics ,Camera,5,ip camera night color sricam Sri home diterima dalam keadaan baik dan bungkusan baik penghantaran pun pantas siap packaging sempurna kemas dan teliti dan rapi. masih belum dipasang lagi dan masih belum digunakan lagi harap ianya berfungsi dengan baik dan sempurna. tq seller good quality 👍,Positive
E106,Lazada,5G WiFi SriHome SH037 2K (2560x1440) 4MP QUAD HD Outdoor Waterproof CCTV Camera IP Security Surveillance Cam Video Recorder PTZ + Full Color Night Mode + Infrared Night Vision (SriHome App),Electronics ,Camera,5,货物运输不错，物品也不错，这个卖家是一个好卖家！,Positive
E107,Lazada,(4MP) SriHome SH037 2K (2560x1440) QUAD HD Outdoor Waterproof WiFi CCTV Camera IP Security Surveillance Cam Video Recorder PTZ + Full Color Night Mode + Infrared Night Vision,Electronics ,Camera,5,brg dah sampai...cume belum psg lgi...harap² berfungsi dengan baik la...............,Positive
E108,Lazada,(4MP) SriHome SH037 2K (2560x1440) QUAD HD Outdoor Waterproof WiFi CCTV Camera IP Security Surveillance Cam Video Recorder PTZ + Full Color Night Mode + Infrared Night Vision,Electronics ,Camera,4,OK.. easy to set up and configure.. .. thanks...let see if good will buy more,Neutral
E109,Lazada,(4MP) SriHome SH037 2K (2560x1440) QUAD HD Outdoor Waterproof WiFi CCTV Camera IP Security Surveillance Cam Video Recorder PTZ + Full Color Night Mode + Infrared Night Vision,Electronics ,Camera,5,"suitable for my usage.
 fast delivery and product as advertised",Positive
E110,Lazada,(4MP) SriHome SH037 2K (2560x1440) QUAD HD Outdoor Waterproof WiFi CCTV Camera IP Security Surveillance Cam Video Recorder PTZ + Full Color Night Mode + Infrared Night Vision,Electronics ,Camera,5,"High-resolution video quality, Excellent image clarity,",Positive
E111,Lazada,(4MP) SriHome SH037 2K (2560x1440) QUAD HD Outdoor Waterproof WiFi CCTV Camera IP Security Surveillance Cam Video Recorder PTZ + Full Color Night Mode + Infrared Night Vision,Electronics ,Camera,5,good . penghntrn CEPAT. terbaik termantul di dunia,Positive
E112,Lazada,(4MP) SriHome SH037 2K (2560x1440) QUAD HD Outdoor Waterproof WiFi CCTV Camera IP Security Surveillance Cam Video Recorder PTZ + Full Color Night Mode + Infrared Night Vision,Electronics ,Camera,5,Prompt 3 days delivery from order date !,Positive
E113,Lazada,(4MP) SriHome SH037 2K (2560x1440) QUAD HD Outdoor Waterproof WiFi CCTV Camera IP Security Surveillance Cam Video Recorder PTZ + Full Color Night Mode + Infrared Night Vision,Electronics ,Camera,5,receive in good condition thanks seller,Positive
E114,Lazada,5G WiFi SriHome SH037 2K (2560x1440) 4MP QUAD HD Outdoor Waterproof CCTV Camera IP Security Surveillance Cam Video Recorder PTZ + Full Color Night Mode + Infrared Night Vision (SriHome App),Electronics ,Camera,5,"wow.
 memang berbaloi rugi x beli",Positive
E115,Lazada,5G WiFi SriHome SH037 2K (2560x1440) 4MP QUAD HD Outdoor Waterproof CCTV Camera IP Security Surveillance Cam Video Recorder PTZ + Full Color Night Mode + Infrared Night Vision (SriHome App),Electronics ,Camera,5,Produk berfungsi dgn baik.. Tq seller... Penghantaran pantas,Positive
E116,Lazada,5G WiFi SriHome SH037 2K (2560x1440) 4MP QUAD HD Outdoor Waterproof CCTV Camera IP Security Surveillance Cam Video Recorder PTZ + Full Color Night Mode + Infrared Night Vision (SriHome App),Electronics ,Camera,5,Very good product.,Positive
E117,Lazada,(4MP) SriHome SH037 2K (2560x1440) QUAD HD Outdoor Waterproof WiFi CCTV Camera IP Security Surveillance Cam Video Recorder PTZ + Full Color Night Mode + Infrared Night Vision,Electronics ,Camera,5,Prompt delivery !,Positive
E118,Shopee,M8/M15 Video Game With 20000/10000 Classic Retro Game Console Wireless Vidio 2.4G Controller Box 4K HDMI Original,Electronics ,Game Console,2,"Quality gmbo 4/10
 X bole harap lebih dgn harge rm50",Neutral
E119,Shopee,M8/M15 Video Game With 20000/10000 Classic Retro Game Console Wireless Vidio 2.4G Controller Box 4K HDMI Original,Electronics ,Game Console,2,"Belum test lgi sbb belum beli battery. lol
 xtau la bgus ka ni. risau lag2 pula. hmm",Neutral
E120,Shopee,M8/M15 Video Game With 20000/10000 Classic Retro Game Console Wireless Vidio 2.4G Controller Box 4K HDMI Original,Electronics ,Game Console,2,"The box is torn. I even put a note to say handle with care, this is what I get. Inside is fine, but that doesn't excuse the half baked packaging. If you find it stressful to package, then I don't see why this is needed by a customer to see. And this was meant to be an xmas gift for my buddy, and this is what I'm getting. How am I supposed to justify to my buddy about you having a bad day? Everyone has a bad day, not only this crumpled torn box. And I have to remove it from the box now? Bad service.",Negative
E121,Shopee,M8/M15 Video Game With 20000/10000 Classic Retro Game Console Wireless Vidio 2.4G Controller Box 4K HDMI Original,Electronics ,Game Console,2,"Performance:belum test
 Quality:packing kemas",Neutral
E122,Shopee,M8/M15 Video Game With 20000/10000 Classic Retro Game Console Wireless Vidio 2.4G Controller Box 4K HDMI Original,Electronics ,Game Console,2,joystick x boleh connect..joystick pun ada pecah,Negative
E123,Lazada,"500 Games NOVA X7M Console Portable Handheld Game Players 3.5"" HD Gameboy Large Screen Retro SUP Video Game Console",Electronics ,Game Console,4,"Performance:not bad,but battery quickly drained,play only 5-10 minutes then need to charge,screen small and not clear
  Price:murah sesuai dengan barang
  Game Library:game tak tersusun mengikut nama A-Z game,jadi nak cari game kita kena ambil masa lama untuk cari",Neutral
E124,Lazada,"500 Games NOVA X7M Console Portable Handheld Game Players 3.5"" HD Gameboy Large Screen Retro SUP Video Game Console",Electronics ,Game Console,5,speedy delivery 🚚🚚🚚 great product 👍👍👍 my son love it 💗,Positive
E125,Lazada,"500 Games NOVA X7M Console Portable Handheld Game Players 3.5"" HD Gameboy Large Screen Retro SUP Video Game Console",Electronics ,Game Console,5,"Nice games, good picture. For my 2 sons new toy.
 Thanks seller.",Positive
E126,Lazada,"500 Games NOVA X7M Console Portable Handheld Game Players 3.5"" HD Gameboy Large Screen Retro SUP Video Game Console",Electronics ,Game Console,5,I want this second photo want but come 1 photo,Positive
E127,Lazada,"500 Games NOVA X7M Console Portable Handheld Game Players 3.5"" HD Gameboy Large Screen Retro SUP Video Game Console",Electronics ,Game Console,5,cant connect to Smart Tv.,Positive
E128,Lazada,"500 Games NOVA X7M Console Portable Handheld Game Players 3.5"" HD Gameboy Large Screen Retro SUP Video Game Console",Electronics ,Game Console,5,"Good packaging,",Positive
E129,Lazada,"500 Games NOVA X7M Console Portable Handheld Game Players 3.5"" HD Gameboy Large Screen Retro SUP Video Game Console",Electronics ,Game Console,5,tq seller...brg selamat sampai,Positive
E130,Lazada,"500 permainan NOVA X7M konsol pemain permainan pegang tangan mudah alih 3.5 ""HD Gameboy skrin besar Retro SUP konsol permainan Video",Electronics ,Game Console,5,Good manggod stonggood ronggood rosgood pedronggood vecheygood,Positive
E131,Lazada,"500 Games NOVA X7M Console Portable Handheld Game Players 3.5"" HD Gameboy Large Screen Retro SUP Video Game Console",Electronics ,Game Console,5,sangat terbaik untuk dijadikan sebagai hadiah untuk anak-anak,Positive
E132,Lazada,"500 Games NOVA X7M Console Portable Handheld Game Players 3.5"" HD Gameboy Large Screen Retro SUP Video Game Console",Electronics ,Game Console,5,fast delivery 🚚🚚🚚🚚🚚,Positive
E133,Lazada,"500 Games NOVA X7M Console Portable Handheld Game Players 3.5"" HD Gameboy Large Screen Retro SUP Video Game Console",Electronics ,Game Console,5,"Performance:Good
 
  Price:Good
 
  Game Library:Good",Positive
E134,Lazada,"500 Games NOVA X7M Console Portable Handheld Game Players 3.5"" HD Gameboy Large Screen Retro SUP Video Game Console",Electronics ,Game Console,5,anak suka. terbaik.,Positive
E135,Lazada,"500 Games NOVA X7M Console Portable Handheld Game Players 3.5"" HD Gameboy Large Screen Retro SUP Video Game Console",Electronics ,Game Console,5,It's working well,Positive
E136,Lazada,"500 Games NOVA X7M Console Portable Handheld Game Players 3.5"" HD Gameboy Large Screen Retro SUP Video Game Console",Electronics ,Game Console,5,terbaik,Positive
E137,Lazada,"500 Games NOVA X7M Console Portable Handheld Game Players 3.5"" HD Gameboy Large Screen Retro SUP Video Game Console",Electronics ,Game Console,5,very good,Positive
E138,Lazada,( Lenovo i3 i5 6th Gen Windows 10 ) Intel i3 i5 6Gen Lenovo ThinkCentre M700 SFF / 4GB-16GB DDR4 RAM/120GB-480GB SSD,Electronics ,CPU,5,"Powerful Intel i5 processor, Great value for money, very fast delivery, well wrapped, very responsibility n trusted seller, patience and helpful, explained all the problems I faced, very good service.
 PRODUCT GOOD quality, can upgrade to window 11, thank you Seller, recommended 👍👍👍",Positive
E139,Lazada,( Lenovo i3 i5 6th Gen Windows 10 ) Intel i3 i5 6Gen Lenovo ThinkCentre M900 SFF / 4GB-16GB DDR4 RAM/120GB-480GB SSD,Electronics ,CPU,5,"Performance:smooth
 
  Price:Value for money 
 
 Packaging - good. well protect
 
 User-friendly Windows 10 operating system,",Positive
E140,Lazada,( Lenovo i3 i5 6th Gen Windows 10 ) Intel i3 i5 6Gen Lenovo ThinkCentre M700 SFF / 4GB-16GB DDR4 RAM/120GB-480GB SSD,Electronics ,CPU,5,"The seller provided excellent service, ensuring a smooth transaction. The products received were of high quality, meeting or exceeding expectations. Overall, a positive buying experience.",Positive
E141,Lazada,( Lenovo i3 i5 6th Gen Windows 10 ) Intel i3 i5 6Gen Lenovo ThinkCentre M700 SFF / 4GB-16GB DDR4 RAM/120GB-480GB SSD,Electronics ,CPU,5,"Fast SSD storage for quick boot-up, Great value for money, Sleek and compact design,",Positive
E142,Lazada,( Lenovo i3 i5 6th Gen Windows 10 ) Intel i3 i5 6Gen Lenovo ThinkCentre M900 SFF / 4GB-16GB DDR4 RAM/120GB-480GB SSD,Electronics ,CPU,5,Bought this PC as a Christmas present for my son. It's in perfect condition. He is using it to play retro games and watching YouTube on 1080p without any problem. Worth buying and highly recommend. My son loves it so much. Thank you,Positive
E143,Lazada,( Lenovo i3 i5 6th Gen Windows 10 ) Intel i3 i5 6Gen Lenovo ThinkCentre M700 SFF / 4GB-16GB DDR4 RAM/120GB-480GB SSD,Electronics ,CPU,5,"Sleek and compact design, Fast SSD storage for quick boot-up, Smooth graphics with Intel HD Graphics, Multiple storage options available, Ample RAM for multitasking, Powerful Intel i5 processor, Efficient cooling system, Great value for money,",Positive
E144,Lazada,( Lenovo i3 i5 6th Gen Windows 10 ) Intel i3 i5 6Gen Lenovo ThinkCentre M900 SFF / 4GB-16GB DDR4 RAM/120GB-480GB SSD,Electronics ,CPU,5,"Performance:Good
  Price:Good
  Compatibility:Great value for money, User-friendly Windows 10 operating system,",Positive
E145,Lazada,( Lenovo i3 i5 6th Gen Windows 10 ) Intel i3 i5 6Gen Lenovo ThinkCentre M700 SFF / 4GB-16GB DDR4 RAM/120GB-480GB SSD,Electronics ,CPU,5,"Fast SSD storage for quick boot-up, Sleek and compact design, Efficient cooling system, Reliable and durable build quality,",Positive
E146,Lazada,( Lenovo i3 i5 6th Gen Windows 10 ) Intel i3 i5 6Gen Lenovo ThinkCentre M700 SFF / 4GB-16GB DDR4 RAM/120GB-480GB SSD,Electronics ,CPU,5,"Item received in good condition and good packing, seller fast shipping and delivery, Smooth graphics with Intel HD Graphics, User-friendly Windows 10 operating system, Powerful Intel i5 processor, Fast SSD storage for quick boot-up, thanks seller and Lazada 👍🏼",Positive
E147,Lazada,( Lenovo i3 i5 6th Gen Windows 10 ) Intel i3 i5 6Gen Lenovo ThinkCentre M700 SFF / 4GB-16GB DDR4 RAM/120GB-480GB SSD,Electronics ,CPU,5,"Sleek and compact design, Smooth graphics with Intel HD Graphics, Fast SSD storage for quick boot-up, Powerful Intel i5 processor,",Positive
E148,Lazada,( Lenovo i3 i5 6th Gen Windows 10 ) Intel i3 i5 6Gen Lenovo ThinkCentre M900 SFF / 4GB-16GB DDR4 RAM/120GB-480GB SSD,Electronics ,CPU,5,a lil scratched up outside and dusty inside but it's expected. hardware is as advertised. windows not activated but not an issue. no problem for office work,Positive
E149,Lazada,( Lenovo i3 i5 6th Gen Windows 10 ) Intel i3 i5 6Gen Lenovo ThinkCentre M900 SFF / 4GB-16GB DDR4 RAM/120GB-480GB SSD,Electronics ,CPU,5,"Powerful Intel i5 processor, Sleek and compact design, Great value for money, thanks and recommend seller 🤝😁",Positive
E150,Lazada,( Lenovo i3 i5 6th Gen Windows 10 ) Intel i3 i5 6Gen Lenovo ThinkCentre M900 SFF / 4GB-16GB DDR4 RAM/120GB-480GB SSD,Electronics ,CPU,5,"Performance:very good 
  Price:nice
 Great value for money, Fast SSD storage for quick boot-up,",Positive
E151,Lazada,( Lenovo i3 i5 6th Gen Windows 10 ) Intel i3 i5 6Gen Lenovo ThinkCentre M700 SFF / 4GB-16GB DDR4 RAM/120GB-480GB SSD,Electronics ,CPU,5,very good condition thanks will come back again.all condition ok and thanks again.,Positive
E152,Shopee,"(𝐒𝐏𝐄𝐂𝐈𝐀𝐋 𝐎𝐅𝐅𝐄𝐑) HP PC i5/i7 4th GEN PC HP PRODESK 600 G1 ELITEDESK 800 G1 SFF Student PC Office PC SSD - i5-6TH/8GB/120GB SSD,TOWER",Electronics ,CPU,3,"Performance:ok
 Build quality:ok
 
 Seller packing very good , just this pc have cmos battery problem, seller did not change new unit and windows 11 pro cannot update hope future didn’t have any issues, for support, seller responded very fast and give good services",Negative
E153,Shopee,"(𝐒𝐏𝐄𝐂𝐈𝐀𝐋 𝐎𝐅𝐅𝐄𝐑) HP PC i5/i7 4th GEN PC HP PRODESK 600 G1 ELITEDESK 800 G1 SFF Student PC Office PC SSD - i5-6TH/8GB/120GB SSD,TOWER",Electronics ,CPU,2,"Performance:Okay
 
 The PC MODEL not same as what seller described, but the pc all in good condition",Neutral
E154,Shopee,"(𝐒𝐏𝐄𝐂𝐈𝐀𝐋 𝐎𝐅𝐅𝐄𝐑) HP PC i5/i7 4th GEN PC HP PRODESK 600 G1 ELITEDESK 800 G1 SFF Student PC Office PC SSD - i5-6TH/8GB/120GB SSD,TOWER",Electronics ,CPU,2,Penulisan Pengiklanan jual PRODESK 600 G1 atau ELITEDESK 800 G1 SFF (Q87 cip)ada 2x display port 4 slot ram.saya pilih tower(600 G1) tapi Hantar prodesk 400 g2 Mt(H81 cip)tak ada 2x display 2 slot ram(low spec ver).Apa yang anda jual berbeza dengan apa yang anda tulis.Penjual tidak jujur,Negative
E155,Shopee,"(𝐒𝐏𝐄𝐂𝐈𝐀𝐋 𝐎𝐅𝐅𝐄𝐑) HP PC i5/i7 4th GEN PC HP PRODESK 600 G1 ELITEDESK 800 G1 SFF Student PC Office PC SSD - i5-6TH/8GB/120GB SSD,TOWER",Electronics ,CPU,2,socket x ngam,Negative
E156,Lazada,( Lenovo i3 i5 6th Gen Windows 10 ) Intel i3 i5 6Gen Lenovo ThinkCentre M700 SFF / 4GB-16GB DDR4 RAM/120GB-480GB SSD,Electronics ,CPU,5,"Powerful Intel i5 processor, 
 legit",Positive
E157,Lazada,( Lenovo i3 i5 6th Gen Windows 10 ) Intel i3 i5 6Gen Lenovo ThinkCentre M700 SFF / 4GB-16GB DDR4 RAM/120GB-480GB SSD,Electronics ,CPU,5,Everything OK except very noisy fan sound.,Positive